Code,Position,Sequence,Class
P05387,99,AAAEEKKDEKKEESEESDDDM,1
P06733,92,LNVTEQEKIDKLMIEMDGTEN,1
P06733,335,PKRIAKAVNEKSCNCLLLKVN,1
P06733,343,NEKSCNCLLLKVNQIGSVTES,1
P06733,394,LVVGLCTGQIKTGAPCRSERL,1
P0DMV8,597,AEKDEFEHKRKELEQVCNPII,1
P14174,78,IGGAQNRSYSKLLCGLLAERL,1
P14618,367,DCIMLSGETAKGDYPLEAVRM,1
P15259,100,RHYGGLTGLNKAETAAKHGEE,1
P17844,91,EITVRGHNCPKPVLNFYEANF,1
P49006,144,CSDEGTAQEGKAAATPESQEP,1
P51814,297,HDHYEKHLSHKQAPTHHQKIH,1
P60174,256,YGGSVTGATCKELASQPDVDG,1
P61604,56,VVAVGSGSKGKGGEIQPVSVK,1
P68104,330,VRRGNVAGDSKNDPPMEAAGF,1
Q13541,69,LMECRNSPVTKTPPRDLPTIP,1
Q5JSZ5,386,HEEVDYSEKLKFSDDEEEEEV,1
Q5JSZ5,398,SDDEEEEEVVKDGRPKWNSWD,1
Q5RL73,351,ISSVPKPPEDKPEDVHTSHPL,1
Q5T4S7,4685,GHQLKDLILQKGITQNALDYM,1
Q6PKG0,1083,PTGQPVREDAKWTSQHSNTQT,1
Q86UP2,292,VKFKDFLLSLKTMMFSEDEAL,1
Q9BYV9,177,EEETMDSETAKMACPRDQMLP,1
Q9C026,347,RVNKEHEHKLKVVRDQISHCT,1
Q9H1E3,228,KKTSTSPPPEKSGDEGSEDEA,1
Q9Y597,796,SPGTASPSPTKTTPSPRHKKS,1
Q9Y619,145,QTMYEMETSGKIAKSQNTVWS,1
C9J5S8,23,QALLDSALPSKVPAFSDKDSL,1
O09172,263,IVKSRGIIKSKGYILQAKRRG,1
O55143,205,PDPRAVNQDKKNMLFSGTNIA,1
O88844,224,TILKKYDGRFKDIFQEIYDKK,1
P02088,83,NDGLNHLDSLKGTFASLSELH,1
P02088,145,VAGVATALAHKYHXXXXXXXX,1
P07724,236,SMQKFGERAFKAWAVARLSQT,1
P11214,167,PYNARRPNAIKLGLGNHNYCR,1
P11881,569,VLRHSQQDYRKNQEYIAKQFG,1
P11983,243,KIACLDFSLQKTKMKLGVQVV,1
P12710,96,EGDNKMVTTFKGIKSVTELNG,1
P12790,237,FPGVHRQIVKKQQELLDYIAH,1
P14824,442,LMMPPAHYDAKQLKKAMEGAG,1
P14824,445,PPAHYDAKQLKKAMEGAGTDE,1
P14824,446,PAHYDAKQLKKAMEGAGTDEK,1
P14869,297,AAPAAAAAPAKAEAKEESEES,1
P16015,64,GSAKTILNNGKTCRVVFDDTY,1
P16460,340,ECEFVRHCIQKSQERVEGKVQ,1
P16879,161,QARRKYQEASKDKDRDKAKDK,1
P18894,259,NSVRDHNTIWKSCCKLEPTLK,1
P18894,263,DHNTIWKSCCKLEPTLKNARI,1
P22752,96,LAIRNDEELNKLLGRVTIAQG,1
P23881,199,KCVEMLSAALKAEDNFKDYGV,1
P26040,60,VDNKGFPTWLKLDKKVSAQEV,1
P26443,503,FQDRISGASEKDIVHSGLAYT,1
P31786,55,PGLLDLKGKAKWDSWNKLKGT,1
P35585,296,HSHSRIEYMVKAKSQFKRRST,1
P41216,544,DGWLHTGDIGKWLPNGTLKII,1
P41216,552,IGKWLPNGTLKIIDRKKHIFK,1
P47806,79,PPPPPPRSSVKLTKKRALSIS,1
P47857,678,PTPFDRNFATKMGAKAMNWMS,1
P48962,92,FPTQALNFAFKDKYKQIFLGG,1
P48962,96,ALNFAFKDKYKQIFLGGVDRH,1
P49722,92,DYRVLVHRARKLAQQYYLVYQ,1
P61982,50,EERNLLSVAYKNVVGARRSSW,1
P62814,48,NYLSQPRLTYKTVSGVNGPLV,1
P62900,70,PDVRIDTRLNKAVWAKGIRNV,1
P62908,201,PWDPSGKIGPKKPLPDHVSIV,1
P97351,144,LLRLFCVGFTKKRNNQIRKTS,1
P99028,83,LHARDHCVAHKLFKNLKXXXX,1
Q3UJB0,853,FSDMVAEHAAKQKQKKRKAQP,1
Q3UL97,53,GTNIPNGHNQKMFSKNKENVK,1
Q3UNI1,697,ELTDVNYPSDKSXXXXXXXXX,1
Q60932,33,LGKSARDVFTKGYGFGLIKLD,1
Q64FW2,55,TDKEARKKVLKQAFSVSRVPE,1
Q69ZK0,1141,DHSGIKKVCFKVSEDEQEDSG,1
Q6P6M7,173,KYIIWPRIDQKSCFKSMVTAG,1
Q6P8V7,47,AIQPRLVAVSKTKPADMVIEA,1
Q8BH04,262,GYGGNSLLGKKCFALRIASRL,1
Q8BLF2,104,CHGLESKRLRKYLFQILRAIE,1
Q8BMS1,214,GRNIRADRAKKMGLVDQLVEP,1
Q8C196,214,VSTKDVKVFGKGNPTKVVAVD,1
Q8C196,228,TKVVAVDCGIKNNVIRLLVKR,1
Q8C196,811,IGRTFEESFQKALRMCHPSVD,1
Q8C196,1479,VTKLFAEAVQKSRTVDSKSLF,1
Q8VD72-2,33,CADLCTQMLEKSPYDQEPAPD,1
Q91V76,75,VPYLLPLVNKKKVYDLNEIAK,1
Q920E5,57,EVLEYNALGGKYNRGLTVVQA,1
Q922Q1,66,TVSKVWIYPIKSCKGVSVCET,1
Q93092,314,AVEKLSDGIRKFAADAIKLER,1
Q99L47,152,LNPRLAILYAKRASVFVKLQK,1
Q9D020,123,DECRRKLLQLKEQYYAIEVDP,1
Q9DAY2,206,SFLKSSDKNNKFLAMFNLSYC,1
Q9DB16,3,XXXXXXXXMKKMPLFSKSHKN,1
Q9EP89,383,YNRARFYVYNKKKRLVNTPYV,1
Q9EQF5,256,VVHVMSKSAAKVVADARRAGN,1
Q9EQP2,35,TGGLRSLYQRKVLPLEEAYRF,1
Q9QWY8,675,PECLKLLLRSKPTVDIVNQNG,1
Q9QXX4,177,FVQRDNAKTGKVSAIDFRDIM,1
A2AQC3,190,VEEIRCYVRDKEMNSQVYSRL,1
A6ZI44,254,EILPDGDHDLKRCQYVTEKVL,1
B1AS29,367,RFGGRFMNFIKEAQWEGLTGR,1
D3YYI5,252,SVVDLACRLEKPAKYDDIKKV,1
E9PZS8,56,SSVTAYDYSGKNKVPELQKFF,1
E9QNN1,1027,TTEGRNALIHKSSVNCPFSSQ,1
G3UYJ7,249,FFPLEAWQIGKKGTXXXXXXX,1
